<?xml version="1.0" encoding="UTF-8" ?>
<feedback>
  <report_metadata>
    <org_name>google.com</org_name>
    <email>noreply-dmarc-support@google.com</email>
    <extra_contact_info>https://support.google.com/a/answer/2466580</extra_contact_info>
    <report_id>1982371723761238</report_id>
    <date_range>
      <begin>1599609600</begin>
      <end>1599695999</end>
    </date_range>
  </report_metadata>
  <policy_published>
    <domain>example.com</domain>
    <adkim>r</adkim>
    <aspf>r</aspf>
    <p>none</p>
    <sp>none</sp>
    <pct>100</pct>
  </policy_published>
  <record>
    <row>
      <source_ip>10.10.10.10</source_ip>
      <count>1</count>
      <policy_evaluated>
        <disposition>none</disposition>
        <dkim>fail</dkim>
        <spf>fail</spf>
      </policy_evaluated>
    </row>
    <identifiers>
      <header_from>example.com</header_from>
    </identifiers>
    <auth_results>
      <dkim>
        <domain>vero.com</domain>
        <result>pass</result>
        <selector>krs</selector>
      </dkim>
      <spf>
        <domain>vero.com</domain>
        <result>pass</result>
      </spf>
    </auth_results>
  </record>
  <record>
    <row>
      <source_ip>10.10.10.10</source_ip>
      <count>1</count>
      <policy_evaluated>
        <disposition>none</disposition>
        <dkim>pass</dkim>
        <spf>fail</spf>
      </policy_evaluated>
    </row>
    <identifiers>
      <header_from>example.com</header_from>
    </identifiers>
    <auth_results>
      <dkim>
        <domain>her.onmicrosoft.com</domain>
        <result>pass</result>
        <selector>selector1-her-onmicrosoft-com</selector>
      </dkim>
      <dkim>
        <domain>example.com</domain>
        <result>pass</result>
        <selector>scph0519</selector>
      </dkim>
      <spf>
        <domain>nin.nl</domain>
        <result>pass</result>
      </spf>
    </auth_results>
  </record>
  <record>
    <row>
      <source_ip>10.10.10.10</source_ip>
      <count>1</count>
      <policy_evaluated>
        <disposition>none</disposition>
        <dkim>pass</dkim>
        <spf>fail</spf>
      </policy_evaluated>
    </row>
    <identifiers>
      <header_from>example.com</header_from>
    </identifiers>
    <auth_results>
      <dkim>
        <domain>example.com</domain>
        <result>pass</result>
        <selector>scph0519</selector>
      </dkim>
      <spf>
        <domain>myhomeuk.net</domain>
        <result>pass</result>
      </spf>
    </auth_results>
  </record>
  <record>
    <row>
      <source_ip>10.10.10.10</source_ip>
      <count>10</count>
      <policy_evaluated>
        <disposition>none</disposition>
        <dkim>fail</dkim>
        <spf>fail</spf>
      </policy_evaluated>
    </row>
    <identifiers>
      <header_from>example.com</header_from>
    </identifiers>
    <auth_results>
      <dkim>
        <domain>vero.com</domain>
        <result>pass</result>
        <selector>krs</selector>
      </dkim>
      <dkim>
        <domain>mail.org</domain>
        <result>pass</result>
        <selector>mg</selector>
      </dkim>
      <spf>
        <domain>vero.com</domain>
        <result>pass</result>
      </spf>
    </auth_results>
  </record>
  <record>
    <row>
      <source_ip>10.10.10.10</source_ip>
      <count>1</count>
      <policy_evaluated>
        <disposition>none</disposition>
        <dkim>pass</dkim>
        <spf>fail</spf>
      </policy_evaluated>
    </row>
    <identifiers>
      <header_from>example.com</header_from>
    </identifiers>
    <auth_results>
      <dkim>
        <domain>example.com</domain>
        <result>pass</result>
        <selector>scph0519</selector>
      </dkim>
      <spf>
        <domain>paul.co.uk</domain>
        <result>none</result>
      </spf>
    </auth_results>
  </record>
  <record>
    <row>
      <source_ip>10.10.10.10</source_ip>
      <count>1</count>
      <policy_evaluated>
        <disposition>none</disposition>
        <dkim>fail</dkim>
        <spf>fail</spf>
      </policy_evaluated>
    </row>
    <identifiers>
      <header_from>example.com</header_from>
    </identifiers>
    <auth_results>
      <dkim>
        <domain>zendesk.com</domain>
        <result>pass</result>
        <selector>zendesk1</selector>
      </dkim>
      <spf>
        <domain>my.zendesk.com</domain>
        <result>pass</result>
      </spf>
    </auth_results>
  </record>
  <record>
    <row>
      <source_ip>10.10.10.10</source_ip>
      <count>2</count>
      <policy_evaluated>
        <disposition>none</disposition>
        <dkim>fail</dkim>
        <spf>fail</spf>
      </policy_evaluated>
    </row>
    <identifiers>
      <header_from>example.com</header_from>
    </identifiers>
    <auth_results>
      <dkim>
        <domain>zendesk.com</domain>
        <result>pass</result>
        <selector>zendesk1</selector>
      </dkim>
      <spf>
        <domain>my.zendesk.com</domain>
        <result>pass</result>
      </spf>
    </auth_results>
  </record>
  <record>
    <row>
      <source_ip>10.10.10.10</source_ip>
      <count>5</count>
      <policy_evaluated>
        <disposition>none</disposition>
        <dkim>fail</dkim>
        <spf>fail</spf>
      </policy_evaluated>
    </row>
    <identifiers>
      <header_from>example.com</header_from>
    </identifiers>
    <auth_results>
      <dkim>
        <domain>vero.com</domain>
        <result>pass</result>
        <selector>krs</selector>
      </dkim>
      <dkim>
        <domain>mail.org</domain>
        <result>pass</result>
        <selector>mg</selector>
      </dkim>
      <spf>
        <domain>vero.com</domain>
        <result>pass</result>
      </spf>
    </auth_results>
  </record>
  <record>
    <row>
      <source_ip>10.10.10.10</source_ip>
      <count>22</count>
      <policy_evaluated>
        <disposition>none</disposition>
        <dkim>fail</dkim>
        <spf>pass</spf>
      </policy_evaluated>
    </row>
    <identifiers>
      <header_from>example.com</header_from>
    </identifiers>
    <auth_results>
      <dkim>
        <domain>example.20150623.gappssmtp.com</domain>
        <result>pass</result>
        <selector>20150623</selector>
      </dkim>
      <spf>
        <domain>example.com</domain>
        <result>pass</result>
      </spf>
    </auth_results>
  </record>
  <record>
    <row>
      <source_ip>10.10.10.10</source_ip>
      <count>4</count>
      <policy_evaluated>
        <disposition>none</disposition>
        <dkim>fail</dkim>
        <spf>fail</spf>
      </policy_evaluated>
    </row>
    <identifiers>
      <header_from>example.com</header_from>
    </identifiers>
    <auth_results>
      <dkim>
        <domain>vero.com</domain>
        <result>pass</result>
        <selector>krs</selector>
      </dkim>
      <dkim>
        <domain>mail.org</domain>
        <result>pass</result>
        <selector>mg</selector>
      </dkim>
      <spf>
        <domain>vero.com</domain>
        <result>pass</result>
      </spf>
    </auth_results>
  </record>
  <record>
    <row>
      <source_ip>10.10.10.10</source_ip>
      <count>1</count>
      <policy_evaluated>
        <disposition>none</disposition>
        <dkim>pass</dkim>
        <spf>fail</spf>
      </policy_evaluated>
    </row>
    <identifiers>
      <header_from>example.com</header_from>
    </identifiers>
    <auth_results>
      <dkim>
        <domain>example.com</domain>
        <result>pass</result>
        <selector>scph0519</selector>
      </dkim>
      <spf>
        <domain>paul.co.uk</domain>
        <result>none</result>
      </spf>
    </auth_results>
  </record>
  <record>
    <row>
      <source_ip>10.10.10.10</source_ip>
      <count>6</count>
      <policy_evaluated>
        <disposition>none</disposition>
        <dkim>fail</dkim>
        <spf>fail</spf>
      </policy_evaluated>
    </row>
    <identifiers>
      <header_from>example.com</header_from>
    </identifiers>
    <auth_results>
      <dkim>
        <domain>vero.com</domain>
        <result>pass</result>
        <selector>krs</selector>
      </dkim>
      <dkim>
        <domain>mail.org</domain>
        <result>pass</result>
        <selector>mg</selector>
      </dkim>
      <spf>
        <domain>vero.com</domain>
        <result>pass</result>
      </spf>
    </auth_results>
  </record>
  <record>
    <row>
      <source_ip>10.10.10.10</source_ip>
      <count>1</count>
      <policy_evaluated>
        <disposition>none</disposition>
        <dkim>fail</dkim>
        <spf>fail</spf>
      </policy_evaluated>
    </row>
    <identifiers>
      <header_from>example.com</header_from>
    </identifiers>
    <auth_results>
      <dkim>
        <domain>zendesk.com</domain>
        <result>pass</result>
        <selector>zendesk1</selector>
      </dkim>
      <spf>
        <domain>my.zendesk.com</domain>
        <result>pass</result>
      </spf>
    </auth_results>
  </record>
  <record>
    <row>
      <source_ip>10.10.10.10</source_ip>
      <count>4</count>
      <policy_evaluated>
        <disposition>none</disposition>
        <dkim>fail</dkim>
        <spf>fail</spf>
      </policy_evaluated>
    </row>
    <identifiers>
      <header_from>example.com</header_from>
    </identifiers>
    <auth_results>
      <dkim>
        <domain>vero.com</domain>
        <result>pass</result>
        <selector>krs</selector>
      </dkim>
      <dkim>
        <domain>mail.org</domain>
        <result>pass</result>
        <selector>mg</selector>
      </dkim>
      <spf>
        <domain>vero.com</domain>
        <result>pass</result>
      </spf>
    </auth_results>
  </record>
  <record>
    <row>
      <source_ip>10.10.10.10</source_ip>
      <count>2</count>
      <policy_evaluated>
        <disposition>none</disposition>
        <dkim>fail</dkim>
        <spf>fail</spf>
      </policy_evaluated>
    </row>
    <identifiers>
      <header_from>example.com</header_from>
    </identifiers>
    <auth_results>
      <dkim>
        <domain>zendesk.com</domain>
        <result>pass</result>
        <selector>zendesk1</selector>
      </dkim>
      <spf>
        <domain>my.zendesk.com</domain>
        <result>pass</result>
      </spf>
    </auth_results>
  </record>
  <record>
    <row>
      <source_ip>10.10.10.10</source_ip>
      <count>245</count>
      <policy_evaluated>
        <disposition>none</disposition>
        <dkim>pass</dkim>
        <spf>pass</spf>
      </policy_evaluated>
    </row>
    <identifiers>
      <header_from>example.com</header_from>
    </identifiers>
    <auth_results>
      <dkim>
        <domain>example.com</domain>
        <result>pass</result>
        <selector>scph0519</selector>
      </dkim>
      <spf>
        <domain>bounce.example.com</domain>
        <result>pass</result>
      </spf>
    </auth_results>
  </record>
  <record>
    <row>
      <source_ip>10.10.10.10</source_ip>
      <count>1</count>
      <policy_evaluated>
        <disposition>none</disposition>
        <dkim>pass</dkim>
        <spf>pass</spf>
      </policy_evaluated>
    </row>
    <identifiers>
      <header_from>example.com</header_from>
    </identifiers>
    <auth_results>
      <dkim>
        <domain>example.com</domain>
        <result>pass</result>
        <selector>mx</selector>
      </dkim>
      <dkim>
        <domain>eu.mail.org</domain>
        <result>pass</result>
        <selector>krs</selector>
      </dkim>
      <spf>
        <domain>example.com</domain>
        <result>pass</result>
      </spf>
    </auth_results>
  </record>
  <record>
    <row>
      <source_ip>10.10.10.10</source_ip>
      <count>1</count>
      <policy_evaluated>
        <disposition>none</disposition>
        <dkim>pass</dkim>
        <spf>fail</spf>
      </policy_evaluated>
    </row>
    <identifiers>
      <header_from>example.com</header_from>
    </identifiers>
    <auth_results>
      <dkim>
        <domain>example.com</domain>
        <result>pass</result>
        <selector>scph0519</selector>
      </dkim>
      <spf>
        <domain>paul.co.uk</domain>
        <result>none</result>
      </spf>
    </auth_results>
  </record>
  <record>
    <row>
      <source_ip>10.10.10.10</source_ip>
      <count>1</count>
      <policy_evaluated>
        <disposition>none</disposition>
        <dkim>pass</dkim>
        <spf>fail</spf>
      </policy_evaluated>
    </row>
    <identifiers>
      <header_from>example.com</header_from>
    </identifiers>
    <auth_results>
      <dkim>
        <domain>example.com</domain>
        <result>pass</result>
        <selector>scph0519</selector>
      </dkim>
      <spf>
        <domain>myhomeuk.net</domain>
        <result>pass</result>
      </spf>
    </auth_results>
  </record>
  <record>
    <row>
      <source_ip>10.10.10.10</source_ip>
      <count>2</count>
      <policy_evaluated>
        <disposition>none</disposition>
        <dkim>fail</dkim>
        <spf>fail</spf>
      </policy_evaluated>
    </row>
    <identifiers>
      <header_from>example.com</header_from>
    </identifiers>
    <auth_results>
      <dkim>
        <domain>vero.com</domain>
        <result>pass</result>
        <selector>krs</selector>
      </dkim>
      <spf>
        <domain>vero.com</domain>
        <result>pass</result>
      </spf>
    </auth_results>
  </record>
  <record>
    <row>
      <source_ip>10.10.10.10</source_ip>
      <count>1</count>
      <policy_evaluated>
        <disposition>none</disposition>
        <dkim>pass</dkim>
        <spf>fail</spf>
      </policy_evaluated>
    </row>
    <identifiers>
      <header_from>example.com</header_from>
    </identifiers>
    <auth_results>
      <dkim>
        <domain>herseninstituut.onmicrosoft.com</domain>
        <result>pass</result>
        <selector>selector1-herseninstituut-onmicrosoft-com</selector>
      </dkim>
      <dkim>
        <domain>example.com</domain>
        <result>pass</result>
        <selector>scph0519</selector>
      </dkim>
      <spf>
        <domain>nin.nl</domain>
        <result>pass</result>
      </spf>
    </auth_results>
  </record>
  <record>
    <row>
      <source_ip>10.10.10.10</source_ip>
      <count>5</count>
      <policy_evaluated>
        <disposition>none</disposition>
        <dkim>fail</dkim>
        <spf>fail</spf>
      </policy_evaluated>
    </row>
    <identifiers>
      <header_from>example.com</header_from>
    </identifiers>
    <auth_results>
      <dkim>
        <domain>vero.com</domain>
        <result>pass</result>
        <selector>krs</selector>
      </dkim>
      <dkim>
        <domain>mail.org</domain>
        <result>pass</result>
        <selector>mg</selector>
      </dkim>
      <spf>
        <domain>vero.com</domain>
        <result>pass</result>
      </spf>
    </auth_results>
  </record>
  <record>
    <row>
      <source_ip>10.10.10.10</source_ip>
      <count>1</count>
      <policy_evaluated>
        <disposition>none</disposition>
        <dkim>pass</dkim>
        <spf>fail</spf>
      </policy_evaluated>
    </row>
    <identifiers>
      <header_from>example.com</header_from>
    </identifiers>
    <auth_results>
      <dkim>
        <domain>example.com</domain>
        <result>pass</result>
        <selector>scph0519</selector>
      </dkim>
      <spf>
        <domain>myhomeuk.net</domain>
        <result>pass</result>
      </spf>
    </auth_results>
  </record>
  <record>
    <row>
      <source_ip>10.10.10.10</source_ip>
      <count>36</count>
      <policy_evaluated>
        <disposition>none</disposition>
        <dkim>fail</dkim>
        <spf>fail</spf>
      </policy_evaluated>
    </row>
    <identifiers>
      <header_from>example.com</header_from>
    </identifiers>
    <auth_results>
      <dkim>
        <domain>google.com</domain>
        <result>pass</result>
        <selector>20161025</selector>
      </dkim>
      <dkim>
        <domain>example.20150623.gappssmtp.com</domain>
        <result>pass</result>
        <selector>20150623</selector>
      </dkim>
      <spf>
        <domain>calendar-server.bounces.google.com</domain>
        <result>pass</result>
      </spf>
    </auth_results>
  </record>
  <record>
    <row>
      <source_ip>10.10.10.10</source_ip>
      <count>4</count>
      <policy_evaluated>
        <disposition>none</disposition>
        <dkim>fail</dkim>
        <spf>fail</spf>
      </policy_evaluated>
    </row>
    <identifiers>
      <header_from>example.com</header_from>
    </identifiers>
    <auth_results>
      <dkim>
        <domain>vero.com</domain>
        <result>pass</result>
        <selector>krs</selector>
      </dkim>
      <dkim>
        <domain>mail.org</domain>
        <result>pass</result>
        <selector>mg</selector>
      </dkim>
      <spf>
        <domain>vero.com</domain>
        <result>pass</result>
      </spf>
    </auth_results>
  </record>
  <record>
    <row>
      <source_ip>10.10.10.10</source_ip>
      <count>1</count>
      <policy_evaluated>
        <disposition>none</disposition>
        <dkim>pass</dkim>
        <spf>fail</spf>
      </policy_evaluated>
    </row>
    <identifiers>
      <header_from>example.com</header_from>
    </identifiers>
    <auth_results>
      <dkim>
        <domain>example.com</domain>
        <result>pass</result>
        <selector>scph0519</selector>
      </dkim>
      <spf>
        <domain>myhomeuk.net</domain>
        <result>pass</result>
      </spf>
    </auth_results>
  </record>
  <record>
    <row>
      <source_ip>10.10.10.10</source_ip>
      <count>1</count>
      <policy_evaluated>
        <disposition>none</disposition>
        <dkim>fail</dkim>
        <spf>fail</spf>
      </policy_evaluated>
    </row>
    <identifiers>
      <header_from>example.com</header_from>
    </identifiers>
    <auth_results>
      <dkim>
        <domain>hamptons-int.com</domain>
        <result>pass</result>
        <selector>mimecast20200107</selector>
      </dkim>
      <dkim>
        <domain>dkim.mimecast.org</domain>
        <result>pass</result>
        <selector>201912</selector>
      </dkim>
      <spf>
        <domain>hamptons-int.com</domain>
        <result>pass</result>
      </spf>
    </auth_results>
  </record>
  <record>
    <row>
      <source_ip>10.10.10.10::330</source_ip>
      <count>1</count>
      <policy_evaluated>
        <disposition>none</disposition>
        <dkim>fail</dkim>
        <spf>pass</spf>
      </policy_evaluated>
    </row>
    <identifiers>
      <header_from>example.com</header_from>
    </identifiers>
    <auth_results>
      <dkim>
        <domain>example.20150623.gappssmtp.com</domain>
        <result>pass</result>
        <selector>20150623</selector>
      </dkim>
      <spf>
        <domain>example.com</domain>
        <result>pass</result>
      </spf>
    </auth_results>
  </record>
  <record>
    <row>
      <source_ip>10.10.10.10</source_ip>
      <count>13</count>
      <policy_evaluated>
        <disposition>none</disposition>
        <dkim>fail</dkim>
        <spf>pass</spf>
      </policy_evaluated>
    </row>
    <identifiers>
      <header_from>example.com</header_from>
    </identifiers>
    <auth_results>
      <dkim>
        <domain>google.com</domain>
        <result>pass</result>
        <selector>20161025</selector>
      </dkim>
      <dkim>
        <domain>example.20150623.gappssmtp.com</domain>
        <result>pass</result>
        <selector>20150623</selector>
      </dkim>
      <spf>
        <domain>example.com</domain>
        <result>pass</result>
      </spf>
    </auth_results>
  </record>
  <record>
    <row>
      <source_ip>10.10.10.10</source_ip>
      <count>1</count>
      <policy_evaluated>
        <disposition>none</disposition>
        <dkim>fail</dkim>
        <spf>fail</spf>
      </policy_evaluated>
    </row>
    <identifiers>
      <header_from>example.com</header_from>
    </identifiers>
    <auth_results>
      <dkim>
        <domain>vero.com</domain>
        <result>pass</result>
        <selector>krs</selector>
      </dkim>
      <spf>
        <domain>vero.com</domain>
        <result>pass</result>
      </spf>
    </auth_results>
  </record>
  <record>
    <row>
      <source_ip>10.10.10.10::549</source_ip>
      <count>1</count>
      <policy_evaluated>
        <disposition>none</disposition>
        <dkim>fail</dkim>
        <spf>pass</spf>
      </policy_evaluated>
    </row>
    <identifiers>
      <header_from>example.com</header_from>
    </identifiers>
    <auth_results>
      <dkim>
        <domain>google.com</domain>
        <result>pass</result>
        <selector>20161025</selector>
      </dkim>
      <dkim>
        <domain>example.20150623.gappssmtp.com</domain>
        <result>pass</result>
        <selector>20150623</selector>
      </dkim>
      <spf>
        <domain>example.com</domain>
        <result>pass</result>
      </spf>
    </auth_results>
  </record>
  <record>
    <row>
      <source_ip>10.10.10.10</source_ip>
      <count>6</count>
      <policy_evaluated>
        <disposition>none</disposition>
        <dkim>pass</dkim>
        <spf>pass</spf>
      </policy_evaluated>
    </row>
    <identifiers>
      <header_from>example.com</header_from>
    </identifiers>
    <auth_results>
      <dkim>
        <domain>example.com</domain>
        <result>pass</result>
        <selector>mx</selector>
      </dkim>
      <spf>
        <domain>example.com</domain>
        <result>pass</result>
      </spf>
    </auth_results>
  </record>
  <record>
    <row>
      <source_ip>10.10.10.10</source_ip>
      <count>7</count>
      <policy_evaluated>
        <disposition>none</disposition>
        <dkim>fail</dkim>
        <spf>fail</spf>
      </policy_evaluated>
    </row>
    <identifiers>
      <header_from>example.com</header_from>
    </identifiers>
    <auth_results>
      <dkim>
        <domain>vero.com</domain>
        <result>pass</result>
        <selector>krs</selector>
      </dkim>
      <dkim>
        <domain>mail.org</domain>
        <result>pass</result>
        <selector>mg</selector>
      </dkim>
      <spf>
        <domain>vero.com</domain>
        <result>pass</result>
      </spf>
    </auth_results>
  </record>
  <record>
    <row>
      <source_ip>10.10.10.10</source_ip>
      <count>134</count>
      <policy_evaluated>
        <disposition>none</disposition>
        <dkim>fail</dkim>
        <spf>pass</spf>
      </policy_evaluated>
    </row>
    <identifiers>
      <header_from>example.com</header_from>
    </identifiers>
    <auth_results>
      <dkim>
        <domain>example.20150623.gappssmtp.com</domain>
        <result>pass</result>
        <selector>20150623</selector>
      </dkim>
      <spf>
        <domain>example.com</domain>
        <result>pass</result>
      </spf>
    </auth_results>
  </record>
  <record>
    <row>
      <source_ip>10.10.10.10</source_ip>
      <count>1</count>
      <policy_evaluated>
        <disposition>none</disposition>
        <dkim>fail</dkim>
        <spf>fail</spf>
      </policy_evaluated>
    </row>
    <identifiers>
      <header_from>example.com</header_from>
    </identifiers>
    <auth_results>
      <dkim>
        <domain>zendesk.com</domain>
        <result>pass</result>
        <selector>zendesk1</selector>
      </dkim>
      <spf>
        <domain>my.zendesk.com</domain>
        <result>pass</result>
      </spf>
    </auth_results>
  </record>
  <record>
    <row>
      <source_ip>10.10.10.10</source_ip>
      <count>1</count>
      <policy_evaluated>
        <disposition>none</disposition>
        <dkim>fail</dkim>
        <spf>fail</spf>
      </policy_evaluated>
    </row>
    <identifiers>
      <header_from>example.com</header_from>
    </identifiers>
    <auth_results>
      <dkim>
        <domain>vero.com</domain>
        <result>pass</result>
        <selector>krs</selector>
      </dkim>
      <spf>
        <domain>vero.com</domain>
        <result>pass</result>
      </spf>
    </auth_results>
  </record>
  <record>
    <row>
      <source_ip>10.10.10.10</source_ip>
      <count>6</count>
      <policy_evaluated>
        <disposition>none</disposition>
        <dkim>fail</dkim>
        <spf>fail</spf>
      </policy_evaluated>
    </row>
    <identifiers>
      <header_from>example.com</header_from>
    </identifiers>
    <auth_results>
      <dkim>
        <domain>vero.com</domain>
        <result>pass</result>
        <selector>krs</selector>
      </dkim>
      <dkim>
        <domain>mail.org</domain>
        <result>pass</result>
        <selector>mg</selector>
      </dkim>
      <spf>
        <domain>vero.com</domain>
        <result>pass</result>
      </spf>
    </auth_results>
  </record>
  <record>
    <row>
      <source_ip>10.10.10.10</source_ip>
      <count>247</count>
      <policy_evaluated>
        <disposition>none</disposition>
        <dkim>pass</dkim>
        <spf>pass</spf>
      </policy_evaluated>
    </row>
    <identifiers>
      <header_from>example.com</header_from>
    </identifiers>
    <auth_results>
      <dkim>
        <domain>example.com</domain>
        <result>pass</result>
        <selector>scph0519</selector>
      </dkim>
      <spf>
        <domain>bounce.example.com</domain>
        <result>pass</result>
      </spf>
    </auth_results>
  </record>
  <record>
    <row>
      <source_ip>10.10.10.10</source_ip>
      <count>264</count>
      <policy_evaluated>
        <disposition>none</disposition>
        <dkim>pass</dkim>
        <spf>pass</spf>
      </policy_evaluated>
    </row>
    <identifiers>
      <header_from>example.com</header_from>
    </identifiers>
    <auth_results>
      <dkim>
        <domain>example.com</domain>
        <result>pass</result>
        <selector>scph0519</selector>
      </dkim>
      <spf>
        <domain>bounce.example.com</domain>
        <result>pass</result>
      </spf>
    </auth_results>
  </record>
  <record>
    <row>
      <source_ip>10.10.10.10</source_ip>
      <count>1</count>
      <policy_evaluated>
        <disposition>none</disposition>
        <dkim>pass</dkim>
        <spf>fail</spf>
      </policy_evaluated>
    </row>
    <identifiers>
      <header_from>example.com</header_from>
    </identifiers>
    <auth_results>
      <dkim>
        <domain>example.com</domain>
        <result>pass</result>
        <selector>scph0519</selector>
      </dkim>
      <spf>
        <domain>gmail.com</domain>
        <result>pass</result>
      </spf>
    </auth_results>
  </record>
</feedback>
